Prefix (*deleted),ÿCountry Name,ÿContinent,ÿITU Zone,ÿCQ Zone,ÿTime Zone (hrs. from UTC),ÿLatitude,ÿLongitude,ÿITU Prefix Allocations,ÿOther Amateur Prefixes
ÿÿ,ÿ(ICAO),ÿ,ÿ,ÿ,ÿ,ÿ,ÿ,ÿ4Y,ÿ
ÿÿ,ÿ(WMO),ÿ,ÿ,ÿ,ÿ,ÿ,ÿ,ÿC7,ÿ
ÿ1A,ÿSMO Malta,ÿEu,ÿ28,ÿ15,ÿ+1,ÿ42N,ÿ13E,ÿ1A,ÿ
ÿ1M*,ÿMinerva Reef,ÿOc,ÿ62,ÿ32,ÿ-12,ÿ24S,ÿ179W,ÿ,ÿ
ÿ1S,ÿSpratly Is,ÿAs,ÿ50,ÿ26,ÿ+7,ÿ9N,ÿ112E,ÿ1S,"ÿ9M0,XV9"
ÿ3A,ÿMonaco,ÿEu,ÿ27,ÿ14,ÿ+1,ÿ44N,ÿ8E,ÿ3A,ÿ
ÿ3B6,ÿAgalega & St Brandon,ÿAf,ÿ53,ÿ39,ÿ+4,ÿ10S,ÿ57E,ÿ,ÿ3B7
ÿ3B8,ÿMauritius,ÿAf,ÿ53,ÿ39,ÿ+4,ÿ20S,ÿ58E,ÿ3B,ÿ
ÿ3B9,ÿRodriguez Is,ÿAf,ÿ53,ÿ39,ÿ+4,ÿ20S,ÿ63E,ÿ,ÿ
ÿ3C,ÿEquatorial Guinea,ÿAf,ÿ47,ÿ36,ÿ-1,ÿ4N,ÿ9E,ÿ3C,ÿ
ÿ3C0,ÿAnnobon Is,ÿAf,ÿ52,ÿ36,ÿ-1,ÿ1S,ÿ6E,ÿ,ÿ
ÿ3D2,ÿConway Reef,ÿOc,ÿ56,ÿ32,ÿ+12,ÿ22S,ÿ175E,ÿ,ÿ
ÿ3D2,ÿFiji,ÿOc,ÿ56,ÿ32,ÿ+12,ÿ18S,ÿ178E,ÿ3DN-3DZ,ÿ
ÿ3D2,ÿRotuma,ÿOc,ÿ56,ÿ32,ÿ+12,ÿ13S,ÿ177E,ÿ,ÿ
ÿ3DA,ÿSwaziland,ÿAf,ÿ57,ÿ38,ÿ+2,ÿ26S,ÿ31E,ÿ3DA-3DM,ÿ3D6
ÿ3V,ÿTunisia,ÿAf,ÿ37,ÿ33,ÿ+1,ÿ37N,ÿ10E,"ÿ3V,TS",ÿ
ÿ3W,ÿVietnam,ÿAs,ÿ49,ÿ26,ÿ+7,ÿ11N,ÿ107E,"ÿ3W,XV",ÿ
ÿ3X,ÿGuinea,ÿAf,ÿ46,ÿ35,ÿ+0,ÿ10N,ÿ14W,ÿ3X,ÿ
ÿ3Y,ÿBouvet,ÿAf,ÿ67,ÿ38,ÿ+0,ÿ54S,ÿ3E,ÿ,ÿ
ÿ3Y,ÿPeter I,ÿAn,ÿ72,ÿ12,ÿ-6,ÿ69S,ÿ91W,ÿ,ÿ
ÿ4J,ÿAzerbaijan,ÿAs,ÿ29,ÿ21,ÿ+4,ÿ40N,ÿ50E,ÿ4J-4K,ÿUD
ÿ4L,ÿGeorgia,ÿAs,ÿ29,ÿ21,ÿ+4,ÿ42N,ÿ45E,ÿ4L,ÿUF
ÿ4O,ÿMontenegro,ÿEu,ÿ28,ÿ15,ÿ+1,ÿ42N,ÿ19E,ÿ4O,"ÿYU3,YU6,.."
ÿ4S,ÿSri Lanka,ÿAs,ÿ41,ÿ22,ÿ+5.5,ÿ7N,ÿ80E,ÿ4P-4S,ÿ
ÿ4U,ÿITU Geneva,ÿEu,ÿ28,ÿ14,ÿ+1,ÿ46N,ÿ6E,ÿ,ÿ
ÿ4U,ÿUN HQ,ÿNA,ÿ08,ÿ05,ÿ-5,ÿ41N,ÿ74W,ÿ4U,ÿ
ÿ4W,ÿTimor Leste,ÿOc,ÿ54,ÿ28,ÿ+8,ÿ9S,ÿ126E,ÿ4W,ÿ
ÿ4W*,ÿYemen Arab Rep,ÿAs,ÿ39,ÿ21,ÿ+3,ÿ15N,ÿ44E,ÿ,ÿ
ÿ4X,ÿIsrael,ÿAs,ÿ39,ÿ20,ÿ+2,ÿ32N,ÿ35E,"ÿ4X,4Z",ÿ
ÿ5A,ÿLibya,ÿAf,ÿ38,ÿ34,ÿ+2,ÿ33N,ÿ13E,ÿ5A,ÿ
ÿ5B,ÿCyprus,ÿAs,ÿ39,ÿ20,ÿ+3,ÿ35N,ÿ33E,"ÿ5B,C4,H2,P3",ÿ
ÿ5H,ÿTanzania,ÿAf,ÿ53,ÿ37,ÿ+3,ÿ7S,ÿ39E,ÿ5H-5I,ÿ
ÿ5N,ÿNigeria,ÿAf,ÿ46,ÿ35,ÿ+1,ÿ6N,ÿ3E,ÿ5N-5O,ÿ
ÿ5R,ÿMadagascar,ÿAf,ÿ53,ÿ39,ÿ+3,ÿ19S,ÿ48E,"ÿ5R-5S,6X",ÿ
ÿ5T,ÿMauritania,ÿAf,ÿ46,ÿ35,ÿ-1,ÿ18N,ÿ16W,ÿ5T,ÿ
ÿ5U,ÿNiger,ÿAf,ÿ46,ÿ35,ÿ+1,ÿ14N,ÿ2W,ÿ5U,ÿ
ÿ5V,ÿTogo,ÿAf,ÿ46,ÿ35,ÿ+0,ÿ6N,ÿ1E,ÿ5V,ÿ
ÿ5W,ÿSamoa,ÿOc,ÿ62,ÿ32,ÿ-11,ÿ14S,ÿ172W,ÿ5W,ÿ
ÿ5X,ÿUganda,ÿAf,ÿ48,ÿ37,ÿ+3,ÿ0N,ÿ33E,ÿ5X,ÿ
ÿ5Z,ÿKenya,ÿAf,ÿ48,ÿ37,ÿ+3,ÿ2S,ÿ37E,ÿ5Y-5Z,ÿ
ÿ6W,ÿSenegal,ÿAf,ÿ46,ÿ35,ÿ+0,ÿ15N,ÿ18W,ÿ6V-6W,ÿ
ÿ6Y,ÿJamaica,ÿNA,ÿ11,ÿ08,ÿ-5,ÿ18N,ÿ77W,ÿ6Y,ÿ
ÿ7O,ÿYemen,ÿAs,ÿ39,ÿ21,ÿ+3,ÿ13N,ÿ45E,ÿ7O,ÿ
ÿ7O*,ÿPDR Yemen,ÿAs,ÿ39,ÿ21,ÿ+3,ÿ13N,ÿ45E,ÿ,"ÿVS9A,VS9P,VS9S"
ÿ7P,ÿLesotho,ÿAf,ÿ57,ÿ38,ÿ+2,ÿ29S,ÿ27E,ÿ7P,ÿ
ÿ7Q,ÿMalawi,ÿAf,ÿ53,ÿ37,ÿ+2,ÿ14S,ÿ34E,ÿ7Q,ÿ
ÿ7X,ÿAlgeria,ÿAf,ÿ37,ÿ33,ÿ+0,ÿ37N,ÿ3E,"ÿ7R,7T-7Y",ÿ
ÿ8P,ÿBarbados,ÿNA,ÿ11,ÿ08,ÿ-4,ÿ13N,ÿ60W,ÿ8P,ÿ
ÿ8Q,ÿMaldives,"ÿAs,Af",ÿ41,ÿ22,ÿ+5,ÿ4N,ÿ73E,ÿ8Q,ÿ
ÿ8R,ÿGuyana,ÿSA,ÿ12,ÿ09,ÿ-3.75,ÿ6N,ÿ58W,ÿ8R,ÿ
ÿ8Z4*,ÿS Arabia/Iraq NZ,ÿAs,ÿ39,ÿ21,ÿ+3,ÿ29N,ÿ46E,ÿ,ÿ
ÿ8Z5*,ÿKuwait/S Arabia NZ,ÿAs,ÿ39,ÿ21,ÿ+3,ÿ29N,ÿ48E,ÿ,ÿ9K3
ÿ9A,ÿCroatia,ÿEu,ÿ28,ÿ15,ÿ+1,ÿ46N,ÿ16E,ÿ9A,ÿ
ÿ9G,ÿGhana,ÿAf,ÿ46,ÿ35,ÿ+0,ÿ5N,ÿ0W,ÿ9G,ÿ
ÿ9H,ÿMalta,ÿEu,ÿ28,ÿ15,ÿ+1,ÿ36N,ÿ15E,ÿ9H,ÿ
ÿ9J,ÿZambia,ÿAf,ÿ53,ÿ36,ÿ+2,ÿ15S,ÿ28E,ÿ9I-9J,ÿ
ÿ9K,ÿKuwait,ÿAs,ÿ39,ÿ21,ÿ+3,ÿ29N,ÿ48E,ÿ9K,ÿ
ÿ9L,ÿSierra Leone,ÿAf,ÿ46,ÿ35,ÿ+0,ÿ9N,ÿ13W,ÿ9L,ÿ
ÿ9M2,ÿMalaysia,ÿAs,ÿ54,ÿ28,ÿ+7.5,ÿ3N,ÿ102E,"ÿ9M,9W",ÿ9M4
ÿ9M6,ÿEast Malaysia,ÿOc,ÿ54,ÿ28,ÿ+8,ÿ2N,ÿ110E,ÿ,ÿ9M8
ÿ9N,ÿNepal,ÿAs,ÿ42,ÿ22,ÿ+5.75,ÿ28N,ÿ85E,ÿ9N,ÿ
ÿ9Q,ÿDem Rep Congo (Zaire),ÿAf,ÿ52,ÿ36,ÿ+1,ÿ4S,ÿ15E,ÿ9O-9T,ÿ
ÿ9S4*,ÿSaar,ÿEu,ÿ28,ÿ14,ÿ+1,ÿ49N,ÿ7E,ÿ,ÿ
ÿ9U,ÿBurundi,ÿAf,ÿ52,ÿ36,ÿ+3,ÿ3S,ÿ29E,ÿ9U,ÿ
ÿ9U5*,ÿRuanda-Urundi,ÿAf,ÿ52,ÿ36,ÿ+3,ÿ3S,ÿ30E,ÿ,ÿ
ÿ9V,ÿSingapore,ÿAs,ÿ54,ÿ28,ÿ+7.5,ÿ1N,ÿ104E,"ÿ9V,S6",ÿ
ÿ9X,ÿRwanda,ÿAf,ÿ52,ÿ36,ÿ+3,ÿ2S,ÿ30E,ÿ9X,ÿ
ÿ9Y,ÿTrinidad & Tobago,ÿSA,ÿ11,ÿ09,ÿ-4,ÿ11N,ÿ62W,ÿ9Y-9Z,ÿ
ÿA1*,"ÿAbu Ail, Jabal at Tair",ÿAs,ÿ39,ÿ21,ÿ+2,ÿ14N,ÿ43E,ÿ,ÿJ2/A
ÿA2,ÿBotswana,ÿAf,ÿ57,ÿ38,ÿ+2,ÿ25S,ÿ26E,"ÿ8O,A2",ÿ
ÿA3,ÿTonga,ÿOc,ÿ62,ÿ32,ÿ+13,ÿ21S,ÿ175W,ÿA3,ÿ
ÿA4,ÿOman,ÿAs,ÿ39,ÿ21,ÿ+4,ÿ24N,ÿ59E,ÿA4,ÿ
ÿA5,ÿBhutan,ÿAs,ÿ41,ÿ22,ÿ+5.5,ÿ28N,ÿ90E,ÿA5,ÿ
ÿA6,ÿUnited Arab Emirates,ÿAs,ÿ39,ÿ21,ÿ+4,ÿ24N,ÿ54E,ÿA6,ÿ
ÿA7,ÿQatar,ÿAs,ÿ39,ÿ21,ÿ+4,ÿ25N,ÿ52E,ÿA7,ÿ
ÿA9,ÿBahrain,ÿAs,ÿ39,ÿ21,ÿ+4,ÿ26N,ÿ51E,ÿA9,ÿ
ÿAC3*,ÿSikkim,ÿAs,ÿ41,ÿ22,ÿ+5.5,ÿ27N,ÿ89E,ÿ,ÿ
ÿAC4*,ÿTibet,ÿAs,ÿ41,ÿ23,ÿ+6,ÿ30N,ÿ92E,ÿ,ÿ
ÿAP,ÿPakistan,ÿAs,ÿ41,ÿ21,ÿ+5,ÿ34N,ÿ73E,"ÿ6P-6S,AP-AS",ÿ
ÿBS7,ÿScarborough Reef,ÿAs,ÿ50,ÿ27,ÿ+8,ÿ15N,ÿ118E,ÿ,ÿ
ÿBV,ÿTaiwan,ÿAs,ÿ44,ÿ24,ÿ+8,ÿ25N,ÿ122E,ÿ,"ÿBM-BQ,BU,BW,BX"
ÿBV9,ÿPratas Is,ÿAs,ÿ44,ÿ24,ÿ+8,ÿ21N,ÿ116E,ÿ,ÿBQ9
ÿBY,ÿChina,ÿAs,"ÿ33,42-44","ÿ23,24",ÿ+8,ÿ40N,ÿ116E,"ÿ3H-3U,BA-BZ,VR,XS",ÿ
ÿC2,ÿNauru,ÿOc,ÿ65,ÿ31,ÿ+11.5,ÿ1S,ÿ167E,ÿC2,ÿ
ÿC3,ÿAndorra,ÿEu,ÿ27,ÿ14,ÿ+1,ÿ43N,ÿ2E,ÿC3,ÿ
ÿC5,ÿGambia,ÿAf,ÿ46,ÿ35,ÿ+0,ÿ13N,ÿ17W,ÿC5,ÿ
ÿC6,ÿBahamas,ÿNA,ÿ11,ÿ08,ÿ-5,ÿ25N,ÿ77W,ÿC6,ÿ
ÿC9,ÿMozambique,ÿAf,ÿ53,ÿ37,ÿ+2,ÿ26S,ÿ33E,ÿC8-C9,ÿ
ÿC9*,ÿManchuria,ÿAs,ÿ33,ÿ24,ÿ+8.5,ÿ46N,ÿ127E,ÿ,ÿ
ÿCE,ÿChile,ÿSA,"ÿ14,16",ÿ12,ÿ-4,ÿ33S,ÿ71W,"ÿ3G,CA-CE,XQ-XR",ÿ
ÿCE0X,ÿSan Felix,ÿSA,ÿ14,ÿ12,ÿ-5,ÿ26S,ÿ80W,ÿ,ÿ
ÿCE0Y,ÿEaster Is,ÿSA,ÿ63,ÿ12,ÿ-7,ÿ27S,ÿ109W,ÿ,ÿ
ÿCE0Z,ÿJuan Fernandez,ÿSA,ÿ14,ÿ12,ÿ-4,ÿ34S,ÿ79W,ÿ,ÿ
ÿCE9,ÿAntarctica,ÿAn,"ÿ67,69-74","ÿ12,13,29,30,32,38,39",ÿ+0,ÿ90S,ÿ0W,ÿ,"ÿ3Y,4K1,8J1,AT0,DP0,FT_Y,KC4,LU_Z,OR4,R1AN,VK0,VP8,ZL5,ZS7,ZX0"
ÿCN,ÿMorocco,ÿAf,ÿ37,ÿ33,ÿ+0,ÿ34N,ÿ7W,"ÿ5C-5G,CN",ÿ
ÿCN2*,ÿTangier,ÿAf,ÿ37,ÿ33,ÿ+0,ÿ36N,ÿ8W,ÿ,ÿ
ÿCO,ÿCuba,ÿNA,ÿ11,ÿ08,ÿ-5,ÿ23N,ÿ82W,"ÿCL-CM,CO,T4",ÿ
ÿCP,ÿBolivia,ÿSA,"ÿ12,14",ÿ10,ÿ-4,ÿ17S,ÿ68W,ÿCP,ÿ
ÿCR8*,"ÿDamao, Diu",ÿAs,ÿ41,ÿ22,ÿ+5.5,ÿ21N,ÿ71E,ÿ,ÿ
ÿCR8*,ÿGoa,ÿAs,ÿ41,ÿ22,ÿ+5.5,ÿ16N,ÿ74E,ÿ,ÿ
ÿCR8*,ÿPortuguese Timor,ÿOc,ÿ54,ÿ28,ÿ+8,ÿ9S,ÿ126E,ÿ,ÿ
ÿCT,ÿPortugal,ÿEu,ÿ37,ÿ14,ÿ+0,ÿ39N,ÿ9W,"ÿCQ-CU,XX",ÿ
ÿCT3,ÿMadeira Is,ÿAf,ÿ36,ÿ33,ÿ-1,ÿ33N,ÿ17W,ÿ,ÿ
ÿCU,ÿAzores,ÿEu,ÿ36,ÿ14,ÿ-1,ÿ38N,ÿ26W,ÿ,ÿ
ÿCX,ÿUruguay,ÿSA,ÿ14,ÿ13,ÿ-3,ÿ35S,ÿ56W,ÿCV-CX,ÿ
ÿCY0,ÿSable Is,ÿNA,ÿ09,ÿ05,ÿ-5,ÿ44N,ÿ60W,ÿ,ÿ
ÿCY9,ÿSt Paul Is,ÿNA,ÿ09,ÿ05,ÿ-5,ÿ47N,ÿ60W,ÿ,ÿ
ÿD2,ÿAngola,ÿAf,ÿ52,ÿ36,ÿ+1,ÿ9S,ÿ13E,ÿD2-D3,ÿ
ÿD4,ÿCape Verde,ÿAf,ÿ46,ÿ35,ÿ-2,ÿ15N,ÿ23W,ÿD4,ÿ
ÿD6,ÿComoros,ÿAf,ÿ53,ÿ39,ÿ+3,ÿ12S,ÿ43E,ÿD6,ÿ
ÿDL,ÿGermany,ÿEu,ÿ28,ÿ14,ÿ+1,ÿ53N,ÿ13E,"ÿDA-DR,Y2-Y9",ÿ
ÿDL*,ÿGermany,ÿEu,ÿ28,ÿ14,ÿ+1,ÿ52N,ÿ7E,ÿ,ÿ
ÿDU,ÿPhilippines,ÿOc,ÿ50,ÿ27,ÿ+8,ÿ15N,ÿ121E,"ÿ4D-4I,DU-DZ",ÿ
ÿE3,ÿEritrea,ÿAf,ÿ48,ÿ37,ÿ+3,ÿ15N,ÿ39E,ÿE3,ÿET2
ÿE4,ÿPalestine,ÿAs,ÿ39,ÿ20,ÿ+2,ÿ32N,ÿ34E,ÿE4,ÿ
ÿE5,ÿNo Cook Is,ÿOc,"ÿ62,63",ÿ32,ÿ-10.5,ÿ10S,ÿ161W,ÿ,ÿZK1
ÿE5,ÿSo Cook Is,ÿOc,ÿ63,ÿ32,ÿ-10.5,ÿ22S,ÿ158W,ÿ,ÿZK1
ÿE7,ÿBosnia-Hercegovina,ÿEu,ÿ28,ÿ15,ÿ+1,ÿ44N,ÿ18E,ÿE7,ÿT9
ÿEA,ÿSpain,ÿEu,ÿ37,ÿ14,ÿ+1,ÿ40N,ÿ4W,"ÿAM-AO,EA-EH",ÿ
ÿEA6,ÿBalearic Is,ÿEu,ÿ37,ÿ14,ÿ+1,ÿ38N,ÿ3E,ÿ,ÿ
ÿEA8,ÿCanary Is,ÿAf,ÿ36,ÿ33,ÿ+0,ÿ28N,ÿ15W,ÿ,ÿ
ÿEA9,ÿCeuta & Melilla,ÿAf,ÿ37,ÿ33,ÿ+1,ÿ36N,ÿ5W,ÿ,ÿ
ÿEA9*,ÿIfni,ÿAf,ÿ37,ÿ33,ÿ+0,ÿ29N,ÿ10W,ÿ,ÿ
ÿEI,ÿIreland,ÿEu,ÿ27,ÿ14,ÿ+0,ÿ53N,ÿ6W,ÿEI-EJ,ÿ
ÿEK,ÿArmenia,ÿAs,ÿ29,ÿ21,ÿ+4,ÿ40N,ÿ45E,ÿEK,ÿUG
ÿEL,ÿLiberia,ÿAf,ÿ46,ÿ35,ÿ-0.75,ÿ6N,ÿ11W,"ÿ5L-5M,6Z,A8,D5,EL",ÿ
ÿEP,ÿIran,ÿAs,ÿ40,ÿ21,ÿ+3.5,ÿ36N,ÿ51E,"ÿ9B-9D,EP-EQ",ÿ
ÿER,ÿMoldova,ÿEu,ÿ29,ÿ16,ÿ+3,ÿ47N,ÿ29E,ÿER,ÿUO
ÿES,ÿEstonia,ÿEu,ÿ29,ÿ15,ÿ+2,ÿ59N,ÿ25E,ÿES,ÿUR
ÿET,ÿEthiopia,ÿAf,ÿ48,ÿ37,ÿ+3,ÿ9N,ÿ39E,"ÿ9E-9F,ET",ÿ
ÿEV,ÿBelarus,ÿEu,ÿ29,ÿ16,ÿ+2,ÿ54N,ÿ28E,ÿEU-EW,ÿUC
ÿEX,ÿKyrgyzstan,ÿAs,"ÿ30,31",ÿ17,ÿ+6,ÿ43N,ÿ75E,ÿEX,ÿUM
ÿEY,ÿTajikistan,ÿAs,ÿ30,ÿ17,ÿ+6,ÿ39N,ÿ69E,ÿEY,ÿUJ
ÿEZ,ÿTurkmenistan,ÿAs,ÿ30,ÿ17,ÿ+5,ÿ38N,ÿ58E,ÿEZ,ÿUH
ÿF,ÿFrance,ÿEu,ÿ27,ÿ14,ÿ+1,ÿ49N,ÿ2E,"ÿFA-FZ,HW-HY,TH,TK,TM,TO-TQ,TV-TX",ÿ
ÿFF*,ÿFrench W Africa,ÿAf,ÿ46,ÿ35,ÿ+0,ÿ15N,ÿ18W,ÿ,ÿ
ÿFG,ÿGuadeloupe,ÿNA,ÿ11,ÿ08,ÿ-4,ÿ16N,ÿ62W,ÿ,ÿTO
ÿFH,ÿMayotte,ÿAf,ÿ53,ÿ39,ÿ+3,ÿ13S,ÿ45E,ÿ,ÿTX
ÿFH*,ÿComoros,ÿAf,ÿ53,ÿ39,ÿ+3,ÿ12S,ÿ43E,ÿ,ÿFB8
ÿFI8*,ÿFr Indo China,ÿAs,ÿ49,ÿ26,ÿ+7,ÿ11N,ÿ107E,ÿ,ÿ
ÿFJ,ÿSt Barthelemy,ÿNA,ÿ11,ÿ08,ÿ-4,ÿ18N,ÿ63W,ÿ,ÿTO
ÿFK,ÿChesterfield Is,ÿOc,ÿ55,ÿ30,ÿ+11,ÿ20S,ÿ158E,ÿ,ÿTX
ÿFK,ÿNew Caledonia,ÿOc,ÿ56,ÿ32,ÿ+11,ÿ22S,ÿ167E,ÿ,ÿTX
ÿFM,ÿMartinique,ÿNA,ÿ11,ÿ08,ÿ-4,ÿ15N,ÿ61W,ÿ,ÿTO
ÿFN8*,ÿFrench India,ÿAs,ÿ41,ÿ22,ÿ+5.5,ÿ12N,ÿ80E,ÿ,ÿ
ÿFO,ÿFrench Polynesia,ÿOc,ÿ63,ÿ32,ÿ-10,ÿ18S,ÿ150W,ÿ,ÿTX
ÿFO0,ÿAustral Is,ÿOc,ÿ63,ÿ32,ÿ-10,ÿ23S,ÿ149W,ÿ,ÿTX
ÿFO0,ÿClipperton Is,ÿNA,ÿ10,ÿ07,ÿ-7,ÿ10N,ÿ109W,ÿ,ÿTX
ÿFO0,ÿMarquesas Is,ÿOc,ÿ63,ÿ31,ÿ-10,ÿ9S,ÿ140W,ÿ,ÿTX
ÿFP,ÿSt Pierre & Miquelon,ÿNA,ÿ09,ÿ05,ÿ-4,ÿ47N,ÿ56W,ÿ,ÿTX
ÿFQ8*,ÿFr Equatorial Africa,ÿAf,"ÿ47,52",ÿ36,ÿ+1,ÿ5N,ÿ18E,ÿ,ÿ
ÿFR,ÿReunion,ÿAf,ÿ53,ÿ39,ÿ+4,ÿ21S,ÿ55E,ÿ,ÿTO
ÿFS,ÿSt Martin,ÿNA,ÿ11,ÿ08,ÿ-4,ÿ18N,ÿ63W,ÿ,ÿTO
ÿFT_G,ÿGlorioso Is,ÿAf,ÿ53,ÿ39,ÿ+3,ÿ12S,ÿ47E,ÿ,"ÿFR/G,TO"
ÿFT_J,"ÿJuan de Nova, Europa",ÿAf,ÿ53,ÿ39,ÿ+3,ÿ17S,ÿ43E,ÿ,"ÿFT_E,FR/J,TO"
ÿFT_T,ÿTromelin,ÿAf,ÿ53,ÿ39,ÿ+4,ÿ16S,ÿ54E,ÿ,"ÿFR/T,TO"
ÿFT_W,ÿCrozet,ÿAf,ÿ68,ÿ39,ÿ+3,ÿ46S,ÿ52E,ÿ,ÿTX
ÿFT_X,ÿKerguelen Is,ÿAf,ÿ68,ÿ39,ÿ+5,ÿ50S,ÿ70E,ÿ,ÿTX
ÿFT_Z,ÿAmsterdam & St Paul Is,ÿAf,ÿ68,ÿ39,ÿ+5,ÿ38S,ÿ78E,ÿ,ÿTX
ÿFW,ÿWallis & Futuna Is,ÿOc,ÿ62,ÿ32,ÿ-10.5,ÿ14S,ÿ172W,ÿ,ÿTX
ÿFY,ÿFrench Guiana,ÿSA,ÿ12,ÿ09,ÿ-4,ÿ5N,ÿ52W,ÿ,ÿTO
ÿG,ÿEngland,ÿEu,ÿ27,ÿ14,ÿ+0,ÿ52N,ÿ0W,"ÿ2A-2Z,GA-GZ,MA-MZ,VP-VQ,VS,ZB-ZJ,ZN-ZO,ZQ","ÿ2E,GX,M,MX"
ÿGD,ÿIsle of Man,ÿEu,ÿ27,ÿ14,ÿ+0,ÿ54N,ÿ4W,ÿ,"ÿ2D,GT,MD,MT"
ÿGI,ÿNo Ireland,ÿEu,ÿ27,ÿ14,ÿ+0,ÿ55N,ÿ6W,ÿ,"ÿ2I,GN,MI,MN"
ÿGJ,ÿJersey,ÿEu,ÿ27,ÿ14,ÿ+0,ÿ49N,ÿ2W,ÿ,"ÿ2J,GH,MJ,MH"
ÿGM,ÿScotland,ÿEu,ÿ27,ÿ14,ÿ+0,ÿ57N,ÿ2W,ÿ,"ÿ2M,GS,GZ,MM,MS,MZ"
ÿGU,ÿGuernsey,ÿEu,ÿ27,ÿ14,ÿ+0,ÿ49N,ÿ3W,ÿ,"ÿ2U,GP,MU,MP"
ÿGW,ÿWales,ÿEu,ÿ27,ÿ14,ÿ+0,ÿ52N,ÿ3W,ÿ,"ÿ2W,GC,MW,MC"
ÿH4,ÿSolomon Is,ÿOc,ÿ51,ÿ28,ÿ+11,ÿ9S,ÿ160E,ÿH4,ÿ
ÿH40,ÿTemotu,ÿOc,ÿ51,ÿ28,ÿ+11,ÿ11S,ÿ166E,ÿ,ÿ
ÿHA,ÿHungary,ÿEu,ÿ28,ÿ15,ÿ+1,ÿ48N,ÿ19E,"ÿHA,HG",ÿ
ÿHB,ÿSwitzerland,ÿEu,ÿ28,ÿ14,ÿ+1,ÿ47N,ÿ7E,"ÿHB,HE",ÿ
ÿHB0,ÿLiechtenstein,ÿEu,ÿ28,ÿ14,ÿ+1,ÿ47N,ÿ10E,ÿ,ÿ
ÿHC,ÿEcuador,ÿSA,ÿ12,ÿ10,ÿ-5,ÿ0N,ÿ79W,ÿHC-HD,ÿ
ÿHC8,ÿGalapagos Is,ÿSA,ÿ12,ÿ10,ÿ-6,ÿ1S,ÿ90W,ÿ,ÿ
ÿHH,ÿHaiti,ÿNA,ÿ11,ÿ08,ÿ-5,ÿ19N,ÿ72W,"ÿ4V,HH",ÿ
ÿHI,ÿDominican Rep,ÿNA,ÿ11,ÿ08,ÿ-5,ÿ18N,ÿ70W,ÿHI,ÿ
ÿHK,ÿColombia,ÿSA,ÿ12,ÿ09,ÿ-5,ÿ5N,ÿ74W,"ÿ5J-5K,HJ-HK",ÿ
ÿHK0,ÿMalpelo Is,ÿSA,ÿ12,ÿ09,ÿ-5,ÿ4N,ÿ82W,ÿ,ÿ
ÿHK0,ÿSan Andres & Providencia,ÿNA,ÿ11,ÿ07,ÿ-6,ÿ13N,ÿ82W,ÿ,ÿ
ÿHK0*,ÿBajo Nuevo,ÿNA,ÿ11,ÿ08,ÿ-5,ÿ16N,ÿ79W,ÿ,ÿ
ÿHK0*,"ÿSerrana Bnk, Roncador Cay",ÿNA,ÿ11,ÿ07,ÿ-5,ÿ14N,ÿ80W,ÿ,"ÿKP3,KS4"
ÿHL,ÿSo Korea,ÿAs,ÿ44,ÿ25,ÿ+9,ÿ38N,ÿ127E,"ÿ6K-6N,DS-DT,D7-D9,HL",ÿ
ÿHP,ÿPanama,ÿNA,ÿ11,ÿ07,ÿ-5,ÿ9N,ÿ80W,"ÿ3E-3F,HO-HP,H3,H8-H9",ÿ
ÿHR,ÿHonduras,ÿNA,ÿ11,ÿ07,ÿ-6,ÿ14N,ÿ87W,ÿHQ-HR,ÿ
ÿHS,ÿThailand,ÿAs,ÿ49,ÿ26,ÿ+7,ÿ14N,ÿ101E,"ÿE2,HS",ÿ
ÿHV,ÿVatican,ÿEu,ÿ28,ÿ15,ÿ+1,ÿ42N,ÿ13E,ÿHV,ÿ
ÿHZ,ÿSaudi Arabia,ÿAs,ÿ39,ÿ21,ÿ+3,ÿ25N,ÿ47E,"ÿ8Z,HZ,7Z",ÿ
ÿI,ÿItaly,"ÿEu,Af","ÿ28,37","ÿ15,33",ÿ+1,ÿ42N,ÿ12E,ÿIA-IZ,ÿ
ÿI1*,ÿTrieste,ÿEu,ÿ28,ÿ15,ÿ+1,ÿ46N,ÿ14E,ÿ,ÿ
ÿI5*,ÿItal Somaliland,ÿAf,ÿ48,ÿ37,ÿ+3,ÿ2N,ÿ46E,ÿ,ÿ
ÿIS,ÿSardinia,ÿEu,ÿ28,ÿ15,ÿ+1,ÿ39N,ÿ9E,ÿ,ÿ
ÿJ2,ÿDjibouti,ÿAf,ÿ48,ÿ37,ÿ+3,ÿ12N,ÿ43E,ÿJ2,ÿ
ÿJ3,ÿGrenada,ÿNA,ÿ11,ÿ08,ÿ-4,ÿ12N,ÿ62W,ÿJ3,ÿ
ÿJ5,ÿGuinea-Bissau,ÿAf,ÿ46,ÿ35,ÿ-1,ÿ12N,ÿ16W,ÿJ5,ÿ
ÿJ6,ÿSt Lucia,ÿNA,ÿ11,ÿ08,ÿ-4,ÿ14N,ÿ61W,ÿJ6,ÿ
ÿJ7,ÿDominica,ÿNA,ÿ11,ÿ08,ÿ-4,ÿ15N,ÿ61W,ÿJ7,ÿ
ÿJ8,ÿSt Vincent,ÿNA,ÿ11,ÿ08,ÿ-4,ÿ13N,ÿ61W,ÿJ8,ÿ
ÿJA,ÿJapan,ÿAs,ÿ45,ÿ25,ÿ+9,ÿ36N,ÿ140E,"ÿ7J-7N,8J-8N,JA-JS",ÿ
ÿJD,ÿMinami Torishima,ÿOc,ÿ90,ÿ27,ÿ+10,ÿ24N,ÿ154E,ÿ,ÿ
ÿJD,ÿOgasawara,ÿAs,ÿ45,ÿ27,ÿ+10,ÿ28N,ÿ142E,ÿ,ÿ
ÿJD1*,ÿOkino Tori-shima,ÿAs,ÿ45,ÿ27,ÿ+10,ÿ30N,ÿ140E,ÿ,ÿ7J1
ÿJT,ÿMongolia,ÿAs,"ÿ32,33",ÿ23,ÿ+7.5,ÿ48N,ÿ107E,ÿJT-JV,ÿ
ÿJW,ÿSvalbard,ÿEu,ÿ18,ÿ40,ÿ+1,ÿ78N,ÿ16E,ÿ,ÿ
ÿJX,ÿJan Mayen,ÿEu,ÿ18,ÿ40,ÿ-1,ÿ71N,ÿ9W,ÿ,ÿ
ÿJY,ÿJordan,ÿAs,ÿ39,ÿ20,ÿ+2,ÿ32N,ÿ36E,ÿJY,ÿ
ÿJZ0*,ÿNeth New Guinea,ÿOc,ÿ51,ÿ28,ÿ+10,ÿ10S,ÿ147E,ÿ,ÿ
ÿK,ÿUnited States,ÿNA,ÿ06-08,ÿ03-05,ÿ-5,ÿ39N,ÿ77W,"ÿAA-AL,KA-KZ,NA-NZ,WA-WZ",ÿ
ÿKG4,ÿGuantanamo Bay,ÿNA,ÿ11,ÿ08,ÿ-5,ÿ20N,ÿ75W,ÿ,ÿ
ÿKH0,ÿMariana Is,ÿOc,ÿ64,ÿ27,ÿ+10,ÿ15N,ÿ146E,ÿ,"ÿAH0,NH0,WH0"
ÿKH1,ÿBaker & Howland Is,ÿOc,ÿ61,ÿ31,ÿ-12,ÿ0N,ÿ176W,ÿ,"ÿAH1,NH1,WH1"
ÿKH2,ÿGuam,ÿOc,ÿ64,ÿ27,ÿ+10,ÿ13N,ÿ145E,ÿ,"ÿAH2,NH2,WH2"
ÿKH3,ÿJohnston Is,ÿOc,ÿ61,ÿ31,ÿ-11,ÿ17N,ÿ170W,ÿ,"ÿAH3,NH3,WH3"
ÿKH4,ÿMidway Is,ÿOc,ÿ61,ÿ31,ÿ-11,ÿ28N,ÿ177W,ÿ,"ÿAH4,NH4,WH4"
ÿKH5,"ÿPalmyra, Jarvis Is",ÿOc,"ÿ61,62",ÿ31,ÿ-11,ÿ6N,ÿ162W,ÿ,"ÿAH5,NH5,WH5"
ÿKH5K,ÿKingman Reef,ÿOc,ÿ61,ÿ31,ÿ-11,ÿ6N,ÿ162W,ÿ,"ÿAH5K,NH5K,WH5K"
ÿKH6,ÿHawaii,ÿOc,ÿ61,ÿ31,ÿ-10,ÿ21N,ÿ158W,ÿ,"ÿAH6,NH6,WH6,AH7,KH7,NH7,WH7"
ÿKH7K,ÿKure Is,ÿOc,ÿ61,ÿ31,ÿ-11,ÿ29N,ÿ178W,ÿ,"ÿAH7K,NH7K,WH7K"
ÿKH8,ÿAm Samoa,ÿOc,ÿ62,ÿ32,ÿ-11,ÿ14S,ÿ171W,ÿ,"ÿAH8,NH8,WH8"
ÿKH8S,ÿSwain's Island,ÿOc,ÿ62,ÿ32,ÿ-11,ÿ11S,ÿ171W,ÿ,"ÿAH8S,NH8S,WH8S"
ÿKH9,ÿWake Is,ÿOc,ÿ65,ÿ31,ÿ+12,ÿ19N,ÿ167E,ÿ,"ÿAH9,NH9,WH9"
ÿKL,ÿAlaska,ÿNA,"ÿ01,02",ÿ01,ÿ-8,ÿ58N,ÿ134W,ÿ,"ÿAL,NL,WL"
ÿKP1,ÿNavassa Is,ÿNA,ÿ11,ÿ08,ÿ-5,ÿ18N,ÿ75W,ÿ,"ÿNP1,WP1"
ÿKP2,ÿVirgin Is,ÿNA,ÿ11,ÿ08,ÿ-4,ÿ18N,ÿ65W,ÿ,"ÿNP2,WP2"
ÿKP4,ÿPuerto Rico,ÿNA,ÿ11,ÿ08,ÿ-4,ÿ18N,ÿ66W,ÿ,"ÿKP3,NP3,WP3,NP4,WP4"
ÿKP5,ÿDesecheo Is,ÿNA,ÿ11,ÿ08,ÿ-4,ÿ18N,ÿ68W,ÿ,"ÿNP5,WP5"
ÿKR6*,ÿOkinawa (Ryukyu),ÿAs,ÿ45,ÿ25,ÿ+8,ÿ26N,ÿ128E,ÿ,"ÿKR8,JR6,KA6"
ÿKS4*,ÿSwan Is,ÿNA,ÿ11,ÿ07,ÿ-6,ÿ17N,ÿ84W,ÿ,ÿ
ÿKZ5*,ÿCanal Zone,ÿNA,ÿ11,ÿ07,ÿ-5,ÿ9N,ÿ80W,ÿ,ÿ
ÿLA,ÿNorway,ÿEu,ÿ18,ÿ14,ÿ+1,ÿ60N,ÿ11E,"ÿ3Y,JW-JX,LA-LN",ÿ
ÿLU,ÿArgentina,ÿSA,"ÿ14,16",ÿ13,ÿ-3,ÿ35S,ÿ58W,"ÿAY-AZ,LO-LW,L2-L9",ÿ
ÿLX,ÿLuxembourg,ÿEu,ÿ27,ÿ14,ÿ+1,ÿ50N,ÿ6E,ÿLX,ÿ
ÿLY,ÿLithuania,ÿEu,ÿ29,ÿ15,ÿ+2,ÿ55N,ÿ25E,ÿLY,ÿUP
ÿLZ,ÿBulgaria,ÿEu,ÿ28,ÿ20,ÿ+2,ÿ43N,ÿ23E,ÿLZ,ÿ
ÿOA,ÿPeru,ÿSA,ÿ12,ÿ10,ÿ-5,ÿ12S,ÿ78W,"ÿ4T,OA-OC",ÿ
ÿOD,ÿLebanon,ÿAs,ÿ39,ÿ20,ÿ+2,ÿ34N,ÿ36E,ÿOD,ÿ
ÿOE,ÿAustria,ÿEu,ÿ28,ÿ15,ÿ+1,ÿ48N,ÿ16E,ÿOE,ÿ
ÿOH,ÿFinland,ÿEu,ÿ18,ÿ15,ÿ+2,ÿ60N,ÿ25E,ÿOF-OJ,ÿ
ÿOH0,ÿAland Is,ÿEu,ÿ18,ÿ15,ÿ+2,ÿ60N,ÿ20E,ÿ,ÿ
ÿOJ0,ÿMarket Reef,ÿEu,ÿ18,ÿ15,ÿ+2,ÿ60N,ÿ19E,ÿ,ÿ
ÿOK,ÿCzech Republic,ÿEu,ÿ28,ÿ15,ÿ+1,ÿ50N,ÿ15E,ÿOK-OL,ÿ
ÿOK*,ÿCzechoslovakia,ÿEu,ÿ28,ÿ15,ÿ+1,ÿ50N,ÿ15E,ÿ,ÿ
ÿOM,ÿSlovakia,ÿEu,ÿ28,ÿ15,ÿ+1,ÿ48N,ÿ17E,ÿOM,ÿ
ÿON,ÿBelgium,ÿEu,ÿ27,ÿ14,ÿ+1,ÿ51N,ÿ4E,ÿON-OT,ÿ
ÿOX,ÿGreenland,ÿNA,"ÿ05,75",ÿ40,ÿ-3,ÿ64N,ÿ52W,ÿ,ÿXP
ÿOY,ÿFaroe Is,ÿEu,ÿ18,ÿ14,ÿ+0,ÿ62N,ÿ7W,ÿ,ÿOW
ÿOZ,ÿDenmark,ÿEu,ÿ18,ÿ14,ÿ+1,ÿ56N,ÿ13E,"ÿ5P-5Q,OU-OZ,XP",ÿ
ÿP2,ÿPapua New Guinea,ÿOc,ÿ51,ÿ28,ÿ+10,ÿ10S,ÿ147E,ÿP2,ÿ
ÿP2*,ÿPapua Terr,ÿOc,ÿ51,ÿ28,ÿ+10,ÿ10S,ÿ147E,ÿ,ÿVK9
ÿP2*,ÿTerr New Guinea,ÿOc,ÿ51,ÿ28,ÿ+10,ÿ10S,ÿ147E,ÿ,ÿVK9
ÿP4,ÿAruba,ÿSA,ÿ11,ÿ09,ÿ-4,ÿ13N,ÿ70W,ÿP4,ÿ
ÿP5,ÿNo Korea,ÿAs,ÿ44,ÿ25,ÿ+9,ÿ39N,ÿ126E,"ÿHM,P5-P9",ÿ
ÿPA,ÿNetherlands,ÿEu,ÿ27,ÿ14,ÿ+1,ÿ52N,ÿ5E,ÿPA-PJ,ÿ
ÿPJ2,ÿCuracao,ÿSA,ÿ11,ÿ09,ÿ-4,ÿ12N,ÿ69W,ÿ,ÿ
ÿPJ2*,ÿNeth Antilles,ÿSA,ÿ11,ÿ09,ÿ-4,ÿ12N,ÿ69W,ÿ,"ÿPJ4,PJ9"
ÿPJ4,ÿBonaire,ÿSA,ÿ11,ÿ09,ÿ-4,ÿ12N,ÿ68W,ÿ,ÿ
ÿPJ5,ÿSaba & St Eustatius,ÿNA,ÿ11,ÿ08,ÿ-4,ÿ18N,ÿ63W,ÿ,ÿPJ6
ÿPJ5*,"ÿSt Maarten, Saba, St Eus",ÿNA,ÿ11,ÿ08,ÿ-4,ÿ18N,ÿ63W,ÿ,ÿPJ6-8
ÿPJ7,ÿSt Maarten,ÿNA,ÿ11,ÿ08,ÿ-4,ÿ18N,ÿ63W,ÿ,ÿ
ÿPK1*,ÿJava,ÿOc,ÿ54,ÿ28,ÿ+7.5,ÿ6S,ÿ107E,ÿ,ÿPK2-3
ÿPK4*,ÿSumatra,ÿOc,ÿ54,ÿ28,ÿ+7,ÿ1S,ÿ100E,ÿ,ÿ
ÿPK5*,ÿNetherlands Borneo,ÿOc,ÿ54,ÿ28,ÿ+8,ÿ3S,ÿ115E,ÿ,ÿ
ÿPK6*,ÿCelebe & Molucca Is,ÿOc,ÿ54,ÿ28,ÿ+8,ÿ5S,ÿ119E,ÿ,ÿ
ÿPY,ÿBrazil,ÿSA,"ÿ12,13,15",ÿ11,ÿ-3,ÿ16S,ÿ48W,"ÿPP-PY,ZV-ZZ",ÿ
ÿPY0F,ÿFernando de Noronha,ÿSA,ÿ13,ÿ11,ÿ-2,ÿ4S,ÿ32W,ÿ,ÿPY0ZF
ÿPY0P,ÿSt Peter & St Paul Rocks,ÿSA,ÿ13,ÿ11,ÿ-2,ÿ1N,ÿ29W,ÿ,ÿPY0ZP
ÿPY0T,ÿTrindade & Martin Vaz Is,ÿSA,ÿ15,ÿ11,ÿ-2,ÿ21S,ÿ29W,ÿ,ÿPY0ZT
ÿPZ,ÿSurinam,ÿSA,ÿ12,ÿ09,ÿ-3.5,ÿ6N,ÿ55W,ÿPZ,ÿ
ÿR1FJ,ÿFranz Josef Land,ÿEu,ÿ75,ÿ40,ÿ+3,ÿ81N,ÿ48E,ÿ,ÿ4K2
ÿR1MV,ÿMalyj Vysotskij Is,ÿEu,ÿ29,ÿ16,ÿ+3,ÿ61N,ÿ29E,ÿ,ÿ4J1
ÿS0,ÿWestern Sahara,ÿAf,ÿ46,ÿ33,ÿ+0,ÿ27N,ÿ13W,ÿS0,ÿ
ÿS2,ÿBangladesh,ÿAs,ÿ41,ÿ22,ÿ+6,ÿ24N,ÿ90E,ÿS2-S3,ÿ
ÿS5,ÿSlovenia,ÿEu,ÿ28,ÿ15,ÿ+1,ÿ46N,ÿ15E,ÿS5,ÿ
ÿS7,ÿSeychelles,ÿAf,ÿ53,ÿ39,ÿ+4,ÿ5S,ÿ55E,ÿS7,ÿ
ÿS9,ÿSao Tome & Principe,ÿAf,ÿ47,ÿ36,ÿ+0,ÿ0N,ÿ7E,ÿS9,ÿ
ÿSM,ÿSweden,ÿEu,ÿ18,ÿ14,ÿ+1,ÿ59N,ÿ18E,"ÿ7S,8S,SA-SM",ÿ
ÿSP,ÿPoland,ÿEu,ÿ28,ÿ15,ÿ+1,ÿ52N,ÿ21E,"ÿ3Z,HF,SN-SR",ÿ
ÿST,ÿSudan,ÿAf,ÿ48,ÿ34,ÿ+2,ÿ16N,ÿ33E,"ÿ6T-6U,SSN-SSZ,ST",ÿ
ÿST0*,ÿSouthern Sudan,ÿAf,ÿ48,ÿ34,ÿ+2,ÿ5N,ÿ32E,ÿ,ÿ
ÿSU,ÿEgypt,"ÿAf,As",ÿ38,ÿ34,ÿ+2,ÿ31N,ÿ31E,"ÿ6A-6B,SSA-SSM,SU",ÿ
ÿSV,ÿGreece,ÿEu,ÿ28,ÿ20,ÿ+2,ÿ38N,ÿ24E,"ÿJ4,SV-SZ",ÿ
ÿSV1/A,ÿMt Athos,ÿEu,ÿ28,ÿ20,ÿ+2,ÿ40N,ÿ24E,ÿ,ÿSY2
ÿSV5,ÿDodecanese,ÿEu,ÿ28,ÿ20,ÿ+2,ÿ36N,ÿ28E,ÿ,ÿ
ÿSV9,ÿCrete,ÿEu,ÿ28,ÿ20,ÿ+2,ÿ36N,ÿ24E,ÿ,ÿ
ÿT2,ÿTuvalu,ÿOc,ÿ65,ÿ31,ÿ+12,ÿ9S,ÿ179E,ÿT2,ÿ
ÿT30,ÿWest Kiribati,ÿOc,ÿ65,ÿ31,ÿ+12,ÿ1S,ÿ173E,ÿ,ÿ
ÿT31,ÿCentral Kiribati,ÿOc,ÿ62,ÿ31,ÿ+12,ÿ4S,ÿ171W,ÿT3,ÿ
ÿT32,ÿEast Kiribati,ÿOc,"ÿ61,63",ÿ31,ÿ+12,ÿ2N,ÿ158W,ÿ,ÿ
ÿT33,ÿBanaba,ÿOc,ÿ65,ÿ31,ÿ+11.5,ÿ1S,ÿ170E,ÿ,ÿ
ÿT5,ÿSomalia,ÿAf,ÿ48,ÿ37,ÿ+3,ÿ2N,ÿ46E,"ÿ6O,T5",ÿ
ÿT6,ÿAfghanistan,ÿAs,ÿ40,ÿ21,ÿ+4.5,ÿ35N,ÿ69E,"ÿT6,YA",ÿ
ÿT7,ÿSan Marino,ÿEu,ÿ28,ÿ15,ÿ+1,ÿ44N,ÿ12E,ÿT7,ÿ
ÿT8,ÿPalau,ÿOc,ÿ64,ÿ27,ÿ+10,ÿ7N,ÿ134E,ÿT8,ÿKC6
ÿTA,ÿTurkey,"ÿAs,Eu",ÿ39,ÿ20,ÿ+2,ÿ40N,ÿ33E,"ÿTA-TC,YM",ÿ
ÿTF,ÿIceland,ÿEu,ÿ17,ÿ40,ÿ+0,ÿ64N,ÿ22W,ÿTF,ÿ
ÿTG,ÿGuatemala,ÿNA,ÿ11,ÿ07,ÿ-6,ÿ16N,ÿ92W,"ÿTD,TG",ÿ
ÿTI,ÿCosta Rica,ÿNA,ÿ11,ÿ07,ÿ-6,ÿ10N,ÿ84W,"ÿTE,TI",ÿ
ÿTI9,ÿCocos Is,ÿNA,ÿ11,ÿ07,ÿ-6,ÿ6N,ÿ87W,ÿ,ÿ
ÿTJ,ÿCameroon,ÿAf,ÿ47,ÿ36,ÿ+1,ÿ4N,ÿ12E,ÿTJ,ÿ
ÿTK,ÿCorsica,ÿEu,ÿ28,ÿ15,ÿ+1,ÿ42N,ÿ9E,ÿ,ÿ
ÿTL,ÿCentral African Rep,ÿAf,ÿ47,ÿ36,ÿ+1,ÿ5N,ÿ19E,ÿTL,ÿ
ÿTN,ÿCongo,ÿAf,ÿ52,ÿ36,ÿ+1,ÿ4S,ÿ15E,ÿTN,ÿ
ÿTR,ÿGabon,ÿAf,ÿ52,ÿ36,ÿ+1,ÿ1N,ÿ10E,ÿTR,ÿ
ÿTT,ÿChad,ÿAf,ÿ47,ÿ36,ÿ+1,ÿ12N,ÿ15E,ÿTT,ÿ
ÿTU,ÿIvory Coast,ÿAf,ÿ46,ÿ35,ÿ+0,ÿ7N,ÿ5W,ÿTU,ÿ
ÿTY,ÿBenin,ÿAf,ÿ46,ÿ35,ÿ+0,ÿ6N,ÿ3E,ÿTY,ÿ
ÿTZ,ÿMali,ÿAf,ÿ46,ÿ35,ÿ+0,ÿ13N,ÿ8W,ÿTZ,ÿ
ÿUA,ÿRussia,ÿEu,"ÿ19,20,29,30",ÿ16,ÿ+3,ÿ56N,ÿ37E,"ÿRA-RZ,UA-UI",ÿU
ÿUA2,ÿKaliningrad,ÿEu,ÿ29,ÿ15,ÿ+2,ÿ55N,ÿ21E,ÿ,ÿ
ÿUA9,ÿRussia (Asiatic),ÿAs,"ÿ20-26,30-35,75","ÿ16-19,23",ÿ+7,ÿ52N,ÿ104E,ÿ,ÿUA0
ÿUK,ÿUzbekistan,ÿAs,ÿ30,ÿ17,ÿ+6,ÿ41N,ÿ69E,ÿUJ-UM,ÿUI
ÿUN,ÿKazakhstan,ÿAs,ÿ29-31,ÿ17,ÿ+5.5,ÿ43N,ÿ77E,ÿUN-UQ,ÿUL
ÿUN1*,ÿKarelo-Finnish Rep,ÿEu,ÿ19,ÿ16,ÿ+3,ÿ64N,ÿ32E,ÿ,ÿ
ÿUR,ÿUkraine,ÿEu,ÿ29,ÿ16,ÿ+2,ÿ50N,ÿ30E,"ÿEM-EO,UR-UZ",ÿUB
ÿV2,"ÿAntigua, Barbuda",ÿNA,ÿ11,ÿ08,ÿ-4,ÿ17N,ÿ62W,ÿV2,ÿ
ÿV3,ÿBelize,ÿNA,ÿ11,ÿ07,ÿ-5.5,ÿ17N,ÿ89W,ÿV3,ÿ
ÿV4,"ÿSt Kitts, Nevis",ÿNA,ÿ11,ÿ08,ÿ-4,ÿ17N,ÿ63W,ÿV4,ÿ
ÿV5,ÿNamibia,ÿAf,ÿ57,ÿ38,ÿ+2,ÿ22S,ÿ17E,ÿV5,ÿ
ÿV6,ÿMicronesia,ÿOc,ÿ65,ÿ27,ÿ+11,ÿ7N,ÿ158E,ÿV6,ÿKC6
ÿV7,ÿMarshall Is,ÿOc,ÿ65,ÿ31,ÿ+12,ÿ7N,ÿ171E,ÿV7,ÿKX6
ÿV8,ÿBrunei,ÿOc,ÿ54,ÿ28,ÿ+8,ÿ5N,ÿ115E,ÿV8,ÿ
ÿVE,ÿCanada,ÿNA,"ÿ02-04,09,75",ÿ01-05,ÿ-5,ÿ45N,ÿ76W,"ÿCF-CK,CY-CZ,VA-VG,VO,VX-VY,XJ-XO","ÿVA,VO,VY"
ÿVK,ÿAustralia,ÿOc,"ÿ55,58,59","ÿ29,30",ÿ+10,ÿ35S,ÿ149E,"ÿAX,VH-VN,VZ",ÿ
ÿVK0,ÿHeard Is,ÿAf,ÿ68,ÿ39,ÿ+5,ÿ53S,ÿ73E,ÿ,ÿ
ÿVK0,ÿMacquarie Is,ÿOc,ÿ60,ÿ30,ÿ+11,ÿ54S,ÿ159E,ÿ,ÿ
ÿVK9C,ÿCocos-Keeling Is,ÿOc,ÿ54,ÿ29,ÿ+6.5,ÿ12S,ÿ97E,ÿ,ÿVK9Y
ÿVK9L,ÿLord Howe Is,ÿOc,ÿ60,ÿ30,ÿ+10,ÿ31S,ÿ159E,ÿ,ÿ
ÿVK9M,ÿMellish Reef,ÿOc,ÿ55,ÿ30,ÿ+10,ÿ17S,ÿ156E,ÿ,ÿVK9Z
ÿVK9N,ÿNorfolk Is,ÿOc,ÿ60,ÿ32,ÿ+11.5,ÿ29S,ÿ168E,ÿ,ÿ
ÿVK9W,ÿWillis Is,ÿOc,ÿ55,ÿ30,ÿ+10,ÿ16S,ÿ150E,ÿ,ÿVK9Z
ÿVK9X,ÿChristmas Is,ÿOc,ÿ54,ÿ29,ÿ+7,ÿ10S,ÿ106E,ÿ,ÿ
ÿVO*,"ÿNewfoundland, Labrador",ÿNA,ÿ09,"ÿ02,05",ÿ-3.5,ÿ48N,ÿ53W,ÿ,ÿ
ÿVP2E,ÿAnguilla,ÿNA,ÿ11,ÿ08,ÿ-4,ÿ18N,ÿ63W,ÿ,ÿ
ÿVP2M,ÿMontserrat,ÿNA,ÿ11,ÿ08,ÿ-4,ÿ17N,ÿ62W,ÿ,ÿ
ÿVP2V,ÿBr Virgin Is,ÿNA,ÿ11,ÿ08,ÿ-4,ÿ18N,ÿ65W,ÿ,ÿ
ÿVP5,ÿTurks & Caicos Is,ÿNA,ÿ11,ÿ08,ÿ-5,ÿ22N,ÿ71W,ÿ,ÿ
ÿVP6,ÿPitcairn Is,ÿOc,ÿ63,ÿ32,ÿ-8.5,ÿ25S,ÿ128W,ÿ,ÿVR6
ÿVP6,ÿDucie Is,ÿOc,ÿ63,ÿ32,ÿ-8.5,ÿ25S,ÿ125W,ÿ,ÿ
ÿVP8,ÿFalkland Is,ÿSA,ÿ16,ÿ13,ÿ-4,ÿ52S,ÿ58W,ÿ,ÿ
ÿVP8,ÿSo Georgia Is,ÿSA,ÿ73,ÿ13,ÿ-1.5,ÿ54S,ÿ37W,ÿ,ÿLU_Z
ÿVP8,ÿSo Orkney Is,ÿSA,ÿ73,ÿ13,ÿ-3,ÿ61S,ÿ45W,ÿ,ÿLU_Z
ÿVP8,ÿSo Sandwich Is,ÿSA,ÿ73,ÿ13,ÿ-3,ÿ59S,ÿ27W,ÿ,ÿLU_Z
ÿVP8,ÿSo Shetland Is,ÿSA,ÿ73,ÿ13,ÿ-4,ÿ62S,ÿ58W,ÿ,"ÿLU_Z,CE9,HF0,R1AN,4K1"
ÿVP9,ÿBermuda,ÿNA,ÿ11,ÿ05,ÿ-4,ÿ32N,ÿ65W,ÿ,ÿ
ÿVQ1*,ÿZanzibar,ÿAf,ÿ53,ÿ37,ÿ+3,ÿ7S,ÿ39E,ÿ,ÿ5H1
ÿVQ6*,ÿBritish Somaliland,ÿAf,ÿ48,ÿ37,ÿ+3,ÿ2N,ÿ46E,ÿ,ÿ
ÿVQ9,ÿChagos,ÿAf,ÿ41,ÿ39,ÿ+5,ÿ7S,ÿ72E,ÿ,ÿ
ÿVQ9*,ÿAldabra,ÿAf,ÿ53,ÿ39,ÿ+4,ÿ9S,ÿ46E,ÿ,ÿ
ÿVQ9*,ÿDesroches,ÿAf,ÿ53,ÿ39,ÿ+4,ÿ6S,ÿ55E,ÿ,ÿ
ÿVQ9*,ÿFarquhar,ÿAf,ÿ53,ÿ39,ÿ+4,ÿ10S,ÿ51E,ÿ,ÿ
ÿVR2,ÿHong Kong,ÿAs,ÿ44,ÿ24,ÿ+8,ÿ22N,ÿ114E,ÿ,ÿVS6
ÿVS2*,ÿMalaya,ÿAs,ÿ54,ÿ28,ÿ+7.5,ÿ3N,ÿ102E,ÿ,ÿ9M2
ÿVS4*,ÿSarawak,ÿOc,ÿ54,ÿ28,ÿ+8,ÿ2N,ÿ110E,ÿ,ÿ
ÿVS9H*,ÿKuria Muria Is,ÿAs,ÿ39,ÿ21,ÿ+4,ÿ18N,ÿ56E,ÿ,ÿ
ÿVS9K*,ÿKamaran Is,ÿAs,ÿ39,ÿ21,ÿ+3,ÿ15N,ÿ43E,ÿ,ÿ7O
ÿVU,ÿIndia,ÿAs,ÿ41,ÿ22,ÿ+5.5,ÿ29N,ÿ77E,"ÿ8T-8Y,AT-AW,VT-VW",ÿ
ÿVU4,ÿAndaman & Nicobar Is,ÿAs,ÿ49,ÿ26,ÿ+5.5,ÿ12N,ÿ93E,ÿ,ÿ
ÿVU7,ÿLakshadweep Is,ÿAs,ÿ41,ÿ22,ÿ+5.5,ÿ11N,ÿ73E,ÿ,ÿ
ÿXE,ÿMexico,ÿNA,ÿ10,ÿ06,ÿ-6,ÿ20N,ÿ99W,"ÿ4A-4C,6D-6J,XA-XI",ÿ
ÿXF4,ÿRevilla Gigedo,ÿNA,ÿ10,ÿ06,ÿ-7,ÿ18N,ÿ113W,ÿ,ÿ
ÿXT,ÿBurkina Faso,ÿAf,ÿ46,ÿ35,ÿ+0,ÿ12N,ÿ2W,ÿXT,ÿ
ÿXU,ÿCambodia,ÿAs,ÿ49,ÿ26,ÿ+8,ÿ12N,ÿ105E,ÿXU,ÿ
ÿXW,ÿLaos,ÿAs,ÿ49,ÿ26,ÿ+7,ÿ20N,ÿ102E,ÿXW,ÿ
ÿXX9,ÿMacao,ÿAs,ÿ44,ÿ24,ÿ+8,ÿ22N,ÿ114E,ÿ,ÿ
ÿXZ,ÿMyanmar (Burma),ÿAs,ÿ49,ÿ26,ÿ+6.5,ÿ17N,ÿ96E,ÿXY-XZ,ÿ
ÿY2*,ÿEast Germany,ÿEu,ÿ28,ÿ14,ÿ+1,ÿ53N,ÿ13E,ÿ,ÿ
ÿYB,ÿIndonesia,ÿOc,"ÿ51,54",ÿ28,ÿ+7.5,ÿ6S,ÿ107E,"ÿ7A-7I,8A-8I,JZ,PK-PO,YB-YH",ÿ
ÿYI,ÿIraq,ÿAs,ÿ39,ÿ21,ÿ+3,ÿ32N,ÿ45E,"ÿHN,YI",ÿ
ÿYJ,ÿVanuatu,ÿOc,ÿ56,ÿ32,ÿ+11,ÿ18S,ÿ168E,ÿYJ,ÿ
ÿYK,ÿSyria,ÿAs,ÿ39,ÿ20,ÿ+2,ÿ34N,ÿ36E,"ÿ6C,YK",ÿ
ÿYL,ÿLatvia,ÿEu,ÿ29,ÿ15,ÿ+2,ÿ57N,ÿ24E,ÿYL,ÿUQ
ÿYN,ÿNicaragua,ÿNA,ÿ11,ÿ07,ÿ-6,ÿ12N,ÿ87W,"ÿHT,H6-H7,YN",ÿ
ÿYO,ÿRomania,ÿEu,ÿ28,ÿ20,ÿ+2,ÿ45N,ÿ26E,ÿYO-YR,ÿ
ÿYS,ÿEl Salvador,ÿNA,ÿ11,ÿ07,ÿ-6,ÿ14N,ÿ89W,"ÿHU,YS",ÿ
ÿYU,ÿSerbia,ÿEu,ÿ28,ÿ15,ÿ+1,ÿ45N,ÿ21E,ÿYT-YU,ÿ
ÿYV,ÿVenezuela,ÿSA,ÿ12,ÿ09,ÿ-4,ÿ10N,ÿ67W,"ÿ4M,YV-YY",ÿ
ÿYV0,ÿAves Is,ÿNA,ÿ11,ÿ08,ÿ-4,ÿ16N,ÿ64W,ÿ,ÿ
ÿZ2,ÿZimbabwe,ÿAf,ÿ53,ÿ38,ÿ+2,ÿ18S,ÿ31E,ÿZ2,ÿ
ÿZ3,ÿMacedonia,ÿEu,ÿ28,ÿ15,ÿ+1,ÿ42N,ÿ22E,ÿZ3,ÿ4N5
ÿZA,ÿAlbania,ÿEu,ÿ28,ÿ15,ÿ+1,ÿ41N,ÿ20E,ÿZA,ÿ
ÿZB,ÿGibraltar,ÿEu,ÿ37,ÿ14,ÿ+1,ÿ37N,ÿ5W,ÿ,ÿ
ÿZC,ÿCyprus SBA,ÿAs,ÿ39,ÿ20,ÿ+2,ÿ35N,ÿ33E,ÿ,ÿ
ÿZC5*,ÿBr No Borneo,ÿOc,ÿ54,ÿ28,ÿ+8,ÿ6N,ÿ116E,ÿ,ÿ
ÿZC6*,ÿPalestine,ÿAs,ÿ39,ÿ20,ÿ+2,ÿ32N,ÿ35E,ÿ,ÿ4X1
ÿZD4*,"ÿGold Coast, Togoland",ÿAf,ÿ46,ÿ35,ÿ+0,ÿ5N,ÿ0W,ÿ,ÿ
ÿZD7,ÿSt Helena,ÿAf,ÿ66,ÿ36,ÿ+0,ÿ16S,ÿ6W,ÿ,ÿ
ÿZD8,ÿAscension Is,ÿAf,ÿ66,ÿ36,ÿ+0,ÿ8S,ÿ14W,ÿ,ÿ
ÿZD9,ÿTristan da Cunha & Gough Is,ÿAf,ÿ66,ÿ38,ÿ+0,ÿ37S,ÿ12W,ÿ,ÿ
ÿZF,ÿCayman Is,ÿNA,ÿ11,ÿ08,ÿ-5,ÿ19N,ÿ81W,ÿ,ÿ
ÿZK2,ÿNiue,ÿOc,ÿ62,ÿ32,ÿ-11,ÿ19S,ÿ170W,ÿ,ÿ
ÿZK3,ÿTokelau Is,ÿOc,ÿ62,ÿ31,ÿ-11,ÿ9S,ÿ171W,ÿ,ÿ
ÿZL,ÿNew Zealand,ÿOc,ÿ60,ÿ32,ÿ+12,ÿ41S,ÿ175E,ÿZK-ZM,ÿ
ÿZL7,ÿChatham Is,ÿOc,ÿ60,ÿ32,ÿ+12.75,ÿ44S,ÿ177W,ÿ,ÿ
ÿZL8,ÿKermadec Is,ÿOc,ÿ60,ÿ32,ÿ+12,ÿ29S,ÿ178W,ÿ,ÿ
ÿZL9,"ÿAuckland, Campbell Is",ÿOc,ÿ60,ÿ32,ÿ+12,ÿ51S,ÿ166E,ÿ,ÿ
ÿZP,ÿParaguay,ÿSA,ÿ14,ÿ11,ÿ-4,ÿ26S,ÿ57W,ÿZP,ÿ
ÿZS,ÿSo Africa,ÿAf,ÿ57,ÿ38,ÿ+2,ÿ26S,ÿ28E,"ÿH5,S4,S8,V9,ZR-ZU",ÿ
ÿZS0*,ÿPenguin Is,ÿAf,ÿ57,ÿ38,ÿ+2,ÿ27S,ÿ15E,ÿ,ÿ
ÿZS8,ÿPr Edward & Marion Is,ÿAf,ÿ57,ÿ38,ÿ+3,ÿ47S,ÿ38E,ÿ,ÿ
ÿZS9*,ÿWalvis Bay,ÿAf,ÿ57,ÿ38,ÿ+2,ÿ23S,ÿ15E,ÿ,ÿ
ÿ*,ÿBlenheim Reef,ÿAf,ÿ41,ÿ39,ÿ+5,ÿ7S,ÿ72E,ÿ,ÿ
ÿ*,ÿGeyser Reef,ÿAf,ÿ53,ÿ39,ÿ+3,ÿ12S,ÿ46E,ÿ,ÿÿ
,,,,,,,,,
